0,1
Datasets\captcha_images_v6\48-1.jpg,48-1
Datasets\captcha_images_v6\48-1_1.jpg,48-1_1
Datasets\captcha_images_v6\64-2.jpg,64-2
Datasets\captcha_images_v6\98-1.jpg,98-1
Datasets\captcha_images_v6\69-3.jpg,69-3
Datasets\captcha_images_v6\19-7.jpg,19-7
Datasets\captcha_images_v6\21+0.jpg,21+0
Datasets\captcha_images_v6\36-6.jpg,36-6
Datasets\captcha_images_v6\91+6.jpg,91+6
Datasets\captcha_images_v6\81-0.jpg,81-0
Datasets\captcha_images_v6\57+7.jpg,57+7
Datasets\captcha_images_v6\30-9.jpg,30-9
Datasets\captcha_images_v6\76+0_1.jpg,76+0_1
Datasets\captcha_images_v6\18-4.jpg,18-4
Datasets\captcha_images_v6\52+5.jpg,52+5
Datasets\captcha_images_v6\28+6.jpg,28+6
Datasets\captcha_images_v6\57+1_1.jpg,57+1_1
Datasets\captcha_images_v6\47-8.jpg,47-8
Datasets\captcha_images_v6\28+3.jpg,28+3
Datasets\captcha_images_v6\27+7.jpg,27+7
Datasets\captcha_images_v6\46+9.jpg,46+9
Datasets\captcha_images_v6\81+9.jpg,81+9
Datasets\captcha_images_v6\46-1.jpg,46-1
Datasets\captcha_images_v6\49-7.jpg,49-7
Datasets\captcha_images_v6\35-7_1.jpg,35-7_1
Datasets\captcha_images_v6\31+7.jpg,31+7
Datasets\captcha_images_v6\72-8.jpg,72-8
Datasets\captcha_images_v6\12+9_1.jpg,12+9_1
Datasets\captcha_images_v6\62-2_1.jpg,62-2_1
Datasets\captcha_images_v6\73+9_1.jpg,73+9_1
Datasets\captcha_images_v6\66-3.jpg,66-3
Datasets\captcha_images_v6\19-0.jpg,19-0
Datasets\captcha_images_v6\24+6.jpg,24+6
Datasets\captcha_images_v6\28-9.jpg,28-9
Datasets\captcha_images_v6\91-2_1.jpg,91-2_1
Datasets\captcha_images_v6\14-7.jpg,14-7
Datasets\captcha_images_v6\10-2.jpg,10-2
Datasets\captcha_images_v6\86-3_1.jpg,86-3_1
Datasets\captcha_images_v6\69+2.jpg,69+2
Datasets\captcha_images_v6\65+6.jpg,65+6
Datasets\captcha_images_v6\12+0.jpg,12+0
Datasets\captcha_images_v6\75+5.jpg,75+5
Datasets\captcha_images_v6\43+1_1.jpg,43+1_1
Datasets\captcha_images_v6\82-9_1.jpg,82-9_1
Datasets\captcha_images_v6\45+3.jpg,45+3
Datasets\captcha_images_v6\66+6.jpg,66+6
Datasets\captcha_images_v6\25+7.jpg,25+7
Datasets\captcha_images_v6\50+7_1.jpg,50+7_1
Datasets\captcha_images_v6\16-8.jpg,16-8
Datasets\captcha_images_v6\50+2.jpg,50+2
Datasets\captcha_images_v6\68-6.jpg,68-6
Datasets\captcha_images_v6\71+2_1.jpg,71+2_1
Datasets\captcha_images_v6\57+4_1.jpg,57+4_1
Datasets\captcha_images_v6\36+6_1.jpg,36+6_1
Datasets\captcha_images_v6\95+6_1.jpg,95+6_1
Datasets\captcha_images_v6\94-7.jpg,94-7
Datasets\captcha_images_v6\52-5.jpg,52-5
Datasets\captcha_images_v6\49-3.jpg,49-3
Datasets\captcha_images_v6\26+7.jpg,26+7
Datasets\captcha_images_v6\61+3.jpg,61+3
Datasets\captcha_images_v6\91-2.jpg,91-2
Datasets\captcha_images_v6\64-0.jpg,64-0
Datasets\captcha_images_v6\32-7.jpg,32-7
Datasets\captcha_images_v6\33+1_1.jpg,33+1_1
Datasets\captcha_images_v6\21+0_1.jpg,21+0_1
Datasets\captcha_images_v6\48+7.jpg,48+7
Datasets\captcha_images_v6\83-8_1.jpg,83-8_1
Datasets\captcha_images_v6\33+4.jpg,33+4
Datasets\captcha_images_v6\32+9.jpg,32+9
Datasets\captcha_images_v6\44+3.jpg,44+3
Datasets\captcha_images_v6\47-1_1.jpg,47-1_1
Datasets\captcha_images_v6\15-1.jpg,15-1
Datasets\captcha_images_v6\74-9_1.jpg,74-9_1
Datasets\captcha_images_v6\33-4.jpg,33-4
Datasets\captcha_images_v6\72+5.jpg,72+5
Datasets\captcha_images_v6\77+4.jpg,77+4
Datasets\captcha_images_v6\33-8.jpg,33-8
Datasets\captcha_images_v6\29-8.jpg,29-8
Datasets\captcha_images_v6\16-1.jpg,16-1
Datasets\captcha_images_v6\70-8_1.jpg,70-8_1
Datasets\captcha_images_v6\89-8.jpg,89-8
Datasets\captcha_images_v6\26+8.jpg,26+8
Datasets\captcha_images_v6\13+8.jpg,13+8
Datasets\captcha_images_v6\78-1_1.jpg,78-1_1
Datasets\captcha_images_v6\42+7.jpg,42+7
Datasets\captcha_images_v6\60-9.jpg,60-9
Datasets\captcha_images_v6\36+6.jpg,36+6
Datasets\captcha_images_v6\55-6.jpg,55-6
Datasets\captcha_images_v6\53-5.jpg,53-5
Datasets\captcha_images_v6\54-3.jpg,54-3
Datasets\captcha_images_v6\86-7.jpg,86-7
Datasets\captcha_images_v6\73+2_2.jpg,73+2_2
Datasets\captcha_images_v6\53+4.jpg,53+4
Datasets\captcha_images_v6\33-8_1.jpg,33-8_1
Datasets\captcha_images_v6\78+9.jpg,78+9
Datasets\captcha_images_v6\98+2.jpg,98+2
Datasets\captcha_images_v6\64+3.jpg,64+3
Datasets\captcha_images_v6\46+5_1.jpg,46+5_1
Datasets\captcha_images_v6\52-5_1.jpg,52-5_1
Datasets\captcha_images_v6\19-8.jpg,19-8
Datasets\captcha_images_v6\74-8.jpg,74-8
Datasets\captcha_images_v6\62+4.jpg,62+4
Datasets\captcha_images_v6\36-7.jpg,36-7
Datasets\captcha_images_v6\20-5.jpg,20-5
Datasets\captcha_images_v6\28+5.jpg,28+5
Datasets\captcha_images_v6\93-1.jpg,93-1
Datasets\captcha_images_v6\78+0.jpg,78+0
Datasets\captcha_images_v6\41+3.jpg,41+3
Datasets\captcha_images_v6\54-0.jpg,54-0
Datasets\captcha_images_v6\36+5.jpg,36+5
Datasets\captcha_images_v6\70-4_1.jpg,70-4_1
Datasets\captcha_images_v6\23+2.jpg,23+2
Datasets\captcha_images_v6\73-5_2.jpg,73-5_2
Datasets\captcha_images_v6\16+0.jpg,16+0
Datasets\captcha_images_v6\98-4_1.jpg,98-4_1
Datasets\captcha_images_v6\44+7_1.jpg,44+7_1
Datasets\captcha_images_v6\82-5.jpg,82-5
Datasets\captcha_images_v6\80+4.jpg,80+4
Datasets\captcha_images_v6\48-2.jpg,48-2
Datasets\captcha_images_v6\46-7.jpg,46-7
Datasets\captcha_images_v6\38-0.jpg,38-0
Datasets\captcha_images_v6\16-0.jpg,16-0
Datasets\captcha_images_v6\57-1.jpg,57-1
Datasets\captcha_images_v6\53+2.jpg,53+2
Datasets\captcha_images_v6\12+4.jpg,12+4
Datasets\captcha_images_v6\24-6.jpg,24-6
Datasets\captcha_images_v6\60+9_1.jpg,60+9_1
Datasets\captcha_images_v6\67-9_1.jpg,67-9_1
Datasets\captcha_images_v6\96-4.jpg,96-4
Datasets\captcha_images_v6\41-1.jpg,41-1
Datasets\captcha_images_v6\35+8_1.jpg,35+8_1
Datasets\captcha_images_v6\38+8_1.jpg,38+8_1
Datasets\captcha_images_v6\86+9.jpg,86+9
Datasets\captcha_images_v6\75+6.jpg,75+6
Datasets\captcha_images_v6\65-9.jpg,65-9
Datasets\captcha_images_v6\82-9.jpg,82-9
Datasets\captcha_images_v6\48+3.jpg,48+3
Datasets\captcha_images_v6\66-9.jpg,66-9
Datasets\captcha_images_v6\36-3_1.jpg,36-3_1
Datasets\captcha_images_v6\16+9.jpg,16+9
Datasets\captcha_images_v6\64-8.jpg,64-8
Datasets\captcha_images_v6\38-8.jpg,38-8
Datasets\captcha_images_v6\31+9.jpg,31+9
Datasets\captcha_images_v6\31-0.jpg,31-0
Datasets\captcha_images_v6\58+1.jpg,58+1
Datasets\captcha_images_v6\90-8.jpg,90-8
Datasets\captcha_images_v6\40-8_1.jpg,40-8_1
Datasets\captcha_images_v6\83+1.jpg,83+1
Datasets\captcha_images_v6\32-4.jpg,32-4
Datasets\captcha_images_v6\48+1.jpg,48+1
Datasets\captcha_images_v6\97-5_1.jpg,97-5_1
Datasets\captcha_images_v6\82+4.jpg,82+4
Datasets\captcha_images_v6\84-3.jpg,84-3
Datasets\captcha_images_v6\11+5.jpg,11+5
Datasets\captcha_images_v6\26-9_1.jpg,26-9_1
Datasets\captcha_images_v6\39+2.jpg,39+2
Datasets\captcha_images_v6\51+8.jpg,51+8
Datasets\captcha_images_v6\39-2_1.jpg,39-2_1
Datasets\captcha_images_v6\41-8.jpg,41-8
Datasets\captcha_images_v6\62-7.jpg,62-7
Datasets\captcha_images_v6\87-2.jpg,87-2
Datasets\captcha_images_v6\39+1.jpg,39+1
Datasets\captcha_images_v6\87+7_1.jpg,87+7_1
Datasets\captcha_images_v6\38-2.jpg,38-2
Datasets\captcha_images_v6\20+3.jpg,20+3
Datasets\captcha_images_v6\80-8_1.jpg,80-8_1
Datasets\captcha_images_v6\27-6.jpg,27-6
Datasets\captcha_images_v6\73-5.jpg,73-5
Datasets\captcha_images_v6\71-6.jpg,71-6
Datasets\captcha_images_v6\76+7.jpg,76+7
Datasets\captcha_images_v6\12+7.jpg,12+7
Datasets\captcha_images_v6\93+5_1.jpg,93+5_1
Datasets\captcha_images_v6\55+3.jpg,55+3
Datasets\captcha_images_v6\28-7.jpg,28-7
Datasets\captcha_images_v6\78-2_1.jpg,78-2_1
Datasets\captcha_images_v6\86-9.jpg,86-9
Datasets\captcha_images_v6\92-7.jpg,92-7
Datasets\captcha_images_v6\46+8.jpg,46+8
Datasets\captcha_images_v6\41-9_1.jpg,41-9_1
Datasets\captcha_images_v6\82-4.jpg,82-4
Datasets\captcha_images_v6\88+1.jpg,88+1
Datasets\captcha_images_v6\22-0.jpg,22-0
Datasets\captcha_images_v6\59-1.jpg,59-1
Datasets\captcha_images_v6\61-1.jpg,61-1
Datasets\captcha_images_v6\80+1_1.jpg,80+1_1
Datasets\captcha_images_v6\43+4_1.jpg,43+4_1
Datasets\captcha_images_v6\98-3.jpg,98-3
Datasets\captcha_images_v6\28+5_1.jpg,28+5_1
Datasets\captcha_images_v6\68+7.jpg,68+7
Datasets\captcha_images_v6\97-6.jpg,97-6
Datasets\captcha_images_v6\35+1.jpg,35+1
Datasets\captcha_images_v6\86-8.jpg,86-8
Datasets\captcha_images_v6\44+0.jpg,44+0
Datasets\captcha_images_v6\11-2.jpg,11-2
Datasets\captcha_images_v6\98+6.jpg,98+6
Datasets\captcha_images_v6\59+0.jpg,59+0
Datasets\captcha_images_v6\78+7_1.jpg,78+7_1
Datasets\captcha_images_v6\93+1.jpg,93+1
Datasets\captcha_images_v6\83-1.jpg,83-1
Datasets\captcha_images_v6\35+5.jpg,35+5
Datasets\captcha_images_v6\28-3_1.jpg,28-3_1
Datasets\captcha_images_v6\80-8.jpg,80-8
Datasets\captcha_images_v6\82-6.jpg,82-6
Datasets\captcha_images_v6\36+4_1.jpg,36+4_1
Datasets\captcha_images_v6\44+4.jpg,44+4
Datasets\captcha_images_v6\48+6.jpg,48+6
Datasets\captcha_images_v6\42-7.jpg,42-7
Datasets\captcha_images_v6\64-9.jpg,64-9
Datasets\captcha_images_v6\32+8.jpg,32+8
Datasets\captcha_images_v6\89+3_3.jpg,89+3_3
Datasets\captcha_images_v6\32+6_1.jpg,32+6_1
Datasets\captcha_images_v6\42-2.jpg,42-2
Datasets\captcha_images_v6\15+6_1.jpg,15+6_1
Datasets\captcha_images_v6\44+9.jpg,44+9
Datasets\captcha_images_v6\10+8.jpg,10+8
Datasets\captcha_images_v6\87-7_1.jpg,87-7_1
Datasets\captcha_images_v6\15-0.jpg,15-0
Datasets\captcha_images_v6\41+1.jpg,41+1
Datasets\captcha_images_v6\19-7_2.jpg,19-7_2
Datasets\captcha_images_v6\83+2.jpg,83+2
Datasets\captcha_images_v6\57+3.jpg,57+3
Datasets\captcha_images_v6\16-6.jpg,16-6
Datasets\captcha_images_v6\50-1.jpg,50-1
Datasets\captcha_images_v6\43+4.jpg,43+4
Datasets\captcha_images_v6\23-5_1.jpg,23-5_1
Datasets\captcha_images_v6\66+6_1.jpg,66+6_1
Datasets\captcha_images_v6\43-4.jpg,43-4
Datasets\captcha_images_v6\85+1_1.jpg,85+1_1
Datasets\captcha_images_v6\10+7.jpg,10+7
Datasets\captcha_images_v6\26+0.jpg,26+0
Datasets\captcha_images_v6\31+8.jpg,31+8
Datasets\captcha_images_v6\33+3.jpg,33+3
Datasets\captcha_images_v6\61+7.jpg,61+7
Datasets\captcha_images_v6\34+4.jpg,34+4
Datasets\captcha_images_v6\64+2.jpg,64+2
Datasets\captcha_images_v6\36-3.jpg,36-3
Datasets\captcha_images_v6\39-3_1.jpg,39-3_1
Datasets\captcha_images_v6\83-8.jpg,83-8
Datasets\captcha_images_v6\98+6_1.jpg,98+6_1
Datasets\captcha_images_v6\80+3.jpg,80+3
Datasets\captcha_images_v6\17-5.jpg,17-5
Datasets\captcha_images_v6\31-8.jpg,31-8
Datasets\captcha_images_v6\63+4_1.jpg,63+4_1
Datasets\captcha_images_v6\49-0.jpg,49-0
Datasets\captcha_images_v6\47-1.jpg,47-1
Datasets\captcha_images_v6\15-8.jpg,15-8
Datasets\captcha_images_v6\11+4.jpg,11+4
Datasets\captcha_images_v6\23+3.jpg,23+3
Datasets\captcha_images_v6\68+3.jpg,68+3
Datasets\captcha_images_v6\20-6_1.jpg,20-6_1
Datasets\captcha_images_v6\75-6.jpg,75-6
Datasets\captcha_images_v6\43-4_1.jpg,43-4_1
Datasets\captcha_images_v6\21+1.jpg,21+1
Datasets\captcha_images_v6\33+6.jpg,33+6
Datasets\captcha_images_v6\21-4.jpg,21-4
Datasets\captcha_images_v6\35-7.jpg,35-7
Datasets\captcha_images_v6\66+3.jpg,66+3
Datasets\captcha_images_v6\12+1.jpg,12+1
Datasets\captcha_images_v6\89+3_2.jpg,89+3_2
Datasets\captcha_images_v6\78-7.jpg,78-7
Datasets\captcha_images_v6\94+5.jpg,94+5
Datasets\captcha_images_v6\15+2.jpg,15+2
Datasets\captcha_images_v6\97+4.jpg,97+4
Datasets\captcha_images_v6\51-8_1.jpg,51-8_1
Datasets\captcha_images_v6\53-0.jpg,53-0
Datasets\captcha_images_v6\90-2.jpg,90-2
Datasets\captcha_images_v6\45+4.jpg,45+4
Datasets\captcha_images_v6\48+7_1.jpg,48+7_1
Datasets\captcha_images_v6\52+3.jpg,52+3
Datasets\captcha_images_v6\95+5_1.jpg,95+5_1
Datasets\captcha_images_v6\90-3.jpg,90-3
Datasets\captcha_images_v6\97+5.jpg,97+5
Datasets\captcha_images_v6\24-8.jpg,24-8
Datasets\captcha_images_v6\38+7.jpg,38+7
Datasets\captcha_images_v6\44+4_1.jpg,44+4_1
Datasets\captcha_images_v6\79+7.jpg,79+7
Datasets\captcha_images_v6\29-4_1.jpg,29-4_1
Datasets\captcha_images_v6\40-7_2.jpg,40-7_2
Datasets\captcha_images_v6\22+2.jpg,22+2
Datasets\captcha_images_v6\86+8_1.jpg,86+8_1
Datasets\captcha_images_v6\98+2_2.jpg,98+2_2
Datasets\captcha_images_v6\71-2_1.jpg,71-2_1
Datasets\captcha_images_v6\48-7_1.jpg,48-7_1
Datasets\captcha_images_v6\29+7_1.jpg,29+7_1
Datasets\captcha_images_v6\49-3_1.jpg,49-3_1
Datasets\captcha_images_v6\15-1_1.jpg,15-1_1
Datasets\captcha_images_v6\10-1.jpg,10-1
Datasets\captcha_images_v6\28+7_1.jpg,28+7_1
Datasets\captcha_images_v6\32-1.jpg,32-1
Datasets\captcha_images_v6\52-4.jpg,52-4
Datasets\captcha_images_v6\27-2.jpg,27-2
Datasets\captcha_images_v6\71+7.jpg,71+7
Datasets\captcha_images_v6\10+2.jpg,10+2
Datasets\captcha_images_v6\57-9.jpg,57-9
Datasets\captcha_images_v6\68-3.jpg,68-3
Datasets\captcha_images_v6\94-1.jpg,94-1
Datasets\captcha_images_v6\61+3_1.jpg,61+3_1
Datasets\captcha_images_v6\38-2_1.jpg,38-2_1
Datasets\captcha_images_v6\60-6.jpg,60-6
Datasets\captcha_images_v6\20-6.jpg,20-6
Datasets\captcha_images_v6\64+6_1.jpg,64+6_1
Datasets\captcha_images_v6\46-0.jpg,46-0
Datasets\captcha_images_v6\70+7.jpg,70+7
Datasets\captcha_images_v6\39-3.jpg,39-3
Datasets\captcha_images_v6\47-9.jpg,47-9
Datasets\captcha_images_v6\58-0.jpg,58-0
Datasets\captcha_images_v6\20-1.jpg,20-1
Datasets\captcha_images_v6\85+1.jpg,85+1
Datasets\captcha_images_v6\14+6.jpg,14+6
Datasets\captcha_images_v6\16-7.jpg,16-7
Datasets\captcha_images_v6\84+8.jpg,84+8
Datasets\captcha_images_v6\51-2.jpg,51-2
Datasets\captcha_images_v6\37-8_3.jpg,37-8_3
Datasets\captcha_images_v6\81-7.jpg,81-7
Datasets\captcha_images_v6\21-8.jpg,21-8
Datasets\captcha_images_v6\78-2.jpg,78-2
Datasets\captcha_images_v6\42-3.jpg,42-3
Datasets\captcha_images_v6\14-5.jpg,14-5
Datasets\captcha_images_v6\54-6_1.jpg,54-6_1
Datasets\captcha_images_v6\42-5.jpg,42-5
Datasets\captcha_images_v6\34-3.jpg,34-3
Datasets\captcha_images_v6\90-9.jpg,90-9
Datasets\captcha_images_v6\23-5.jpg,23-5
Datasets\captcha_images_v6\73+9.jpg,73+9
Datasets\captcha_images_v6\35+4.jpg,35+4
Datasets\captcha_images_v6\72-6.jpg,72-6
Datasets\captcha_images_v6\94-2.jpg,94-2
Datasets\captcha_images_v6\39-9.jpg,39-9
Datasets\captcha_images_v6\37+6.jpg,37+6
Datasets\captcha_images_v6\28-5.jpg,28-5
Datasets\captcha_images_v6\62-2.jpg,62-2
Datasets\captcha_images_v6\57+9.jpg,57+9
Datasets\captcha_images_v6\19+9.jpg,19+9
Datasets\captcha_images_v6\52+3_3.jpg,52+3_3
Datasets\captcha_images_v6\70+3.jpg,70+3
Datasets\captcha_images_v6\32-2.jpg,32-2
Datasets\captcha_images_v6\40-1.jpg,40-1
Datasets\captcha_images_v6\73+0.jpg,73+0
Datasets\captcha_images_v6\37+2.jpg,37+2
Datasets\captcha_images_v6\73-0.jpg,73-0
Datasets\captcha_images_v6\75-8.jpg,75-8
Datasets\captcha_images_v6\30-9_1.jpg,30-9_1
Datasets\captcha_images_v6\12-0.jpg,12-0
Datasets\captcha_images_v6\36+4_2.jpg,36+4_2
Datasets\captcha_images_v6\59-0.jpg,59-0
Datasets\captcha_images_v6\57-5_1.jpg,57-5_1
Datasets\captcha_images_v6\45+0.jpg,45+0
Datasets\captcha_images_v6\63+1.jpg,63+1
Datasets\captcha_images_v6\89+3.jpg,89+3
Datasets\captcha_images_v6\62+0.jpg,62+0
Datasets\captcha_images_v6\96-4_2.jpg,96-4_2
Datasets\captcha_images_v6\95-6.jpg,95-6
Datasets\captcha_images_v6\89+7.jpg,89+7
Datasets\captcha_images_v6\37-9.jpg,37-9
Datasets\captcha_images_v6\94+0_1.jpg,94+0_1
Datasets\captcha_images_v6\25+9_1.jpg,25+9_1
Datasets\captcha_images_v6\96-4_1.jpg,96-4_1
Datasets\captcha_images_v6\30-2_1.jpg,30-2_1
Datasets\captcha_images_v6\98-2.jpg,98-2
Datasets\captcha_images_v6\83+4.jpg,83+4
Datasets\captcha_images_v6\54-2_1.jpg,54-2_1
Datasets\captcha_images_v6\54-7.jpg,54-7
Datasets\captcha_images_v6\57-0.jpg,57-0
Datasets\captcha_images_v6\58-9_1.jpg,58-9_1
Datasets\captcha_images_v6\38-4_1.jpg,38-4_1
Datasets\captcha_images_v6\87+7.jpg,87+7
Datasets\captcha_images_v6\70-8.jpg,70-8
Datasets\captcha_images_v6\24+8.jpg,24+8
Datasets\captcha_images_v6\86+0.jpg,86+0
Datasets\captcha_images_v6\72+8_1.jpg,72+8_1
Datasets\captcha_images_v6\50+6.jpg,50+6
Datasets\captcha_images_v6\49+8.jpg,49+8
Datasets\captcha_images_v6\80+9_2.jpg,80+9_2
Datasets\captcha_images_v6\12-3_1.jpg,12-3_1
Datasets\captcha_images_v6\15-6.jpg,15-6
Datasets\captcha_images_v6\15+9.jpg,15+9
Datasets\captcha_images_v6\36+4.jpg,36+4
Datasets\captcha_images_v6\37+0.jpg,37+0
Datasets\captcha_images_v6\57-0_1.jpg,57-0_1
Datasets\captcha_images_v6\36-5.jpg,36-5
Datasets\captcha_images_v6\15+5_2.jpg,15+5_2
Datasets\captcha_images_v6\54-2.jpg,54-2
Datasets\captcha_images_v6\73+1.jpg,73+1
Datasets\captcha_images_v6\73-6.jpg,73-6
Datasets\captcha_images_v6\60+8.jpg,60+8
Datasets\captcha_images_v6\70+8_1.jpg,70+8_1
Datasets\captcha_images_v6\66+7.jpg,66+7
Datasets\captcha_images_v6\60+0.jpg,60+0
Datasets\captcha_images_v6\29+1.jpg,29+1
Datasets\captcha_images_v6\32+4.jpg,32+4
Datasets\captcha_images_v6\76-7.jpg,76-7
Datasets\captcha_images_v6\19-7_1.jpg,19-7_1
Datasets\captcha_images_v6\69+7.jpg,69+7
Datasets\captcha_images_v6\78-9.jpg,78-9
Datasets\captcha_images_v6\53-6_1.jpg,53-6_1
Datasets\captcha_images_v6\61-7.jpg,61-7
Datasets\captcha_images_v6\94+8.jpg,94+8
Datasets\captcha_images_v6\51-8.jpg,51-8
Datasets\captcha_images_v6\63-8_1.jpg,63-8_1
Datasets\captcha_images_v6\81-4_1.jpg,81-4_1
Datasets\captcha_images_v6\75-9.jpg,75-9
Datasets\captcha_images_v6\23+0.jpg,23+0
Datasets\captcha_images_v6\30-6.jpg,30-6
Datasets\captcha_images_v6\56-6_1.jpg,56-6_1
Datasets\captcha_images_v6\95+6.jpg,95+6
Datasets\captcha_images_v6\24-4.jpg,24-4
Datasets\captcha_images_v6\17-6.jpg,17-6
Datasets\captcha_images_v6\68-8.jpg,68-8
Datasets\captcha_images_v6\81+4_1.jpg,81+4_1
Datasets\captcha_images_v6\39-8.jpg,39-8
Datasets\captcha_images_v6\34+3.jpg,34+3
Datasets\captcha_images_v6\69-0.jpg,69-0
Datasets\captcha_images_v6\95+5.jpg,95+5
Datasets\captcha_images_v6\70+8.jpg,70+8
Datasets\captcha_images_v6\29+1_1.jpg,29+1_1
Datasets\captcha_images_v6\60-0.jpg,60-0
Datasets\captcha_images_v6\44-7.jpg,44-7
Datasets\captcha_images_v6\21-2.jpg,21-2
Datasets\captcha_images_v6\84+4.jpg,84+4
Datasets\captcha_images_v6\10-4.jpg,10-4
Datasets\captcha_images_v6\17-8.jpg,17-8
Datasets\captcha_images_v6\94+0.jpg,94+0
Datasets\captcha_images_v6\46+7.jpg,46+7
Datasets\captcha_images_v6\36-4.jpg,36-4
Datasets\captcha_images_v6\10+5.jpg,10+5
Datasets\captcha_images_v6\83+1_2.jpg,83+1_2
Datasets\captcha_images_v6\67-9.jpg,67-9
Datasets\captcha_images_v6\29+7.jpg,29+7
Datasets\captcha_images_v6\87-2_1.jpg,87-2_1
Datasets\captcha_images_v6\16+7.jpg,16+7
Datasets\captcha_images_v6\28-4.jpg,28-4
Datasets\captcha_images_v6\97+2.jpg,97+2
Datasets\captcha_images_v6\21+8.jpg,21+8
Datasets\captcha_images_v6\12+9.jpg,12+9
Datasets\captcha_images_v6\52+3_1.jpg,52+3_1
Datasets\captcha_images_v6\87-0_1.jpg,87-0_1
Datasets\captcha_images_v6\44+7.jpg,44+7
Datasets\captcha_images_v6\48+8.jpg,48+8
Datasets\captcha_images_v6\93-2.jpg,93-2
Datasets\captcha_images_v6\58-9.jpg,58-9
Datasets\captcha_images_v6\85-5.jpg,85-5
Datasets\captcha_images_v6\71+2.jpg,71+2
Datasets\captcha_images_v6\75-8_1.jpg,75-8_1
Datasets\captcha_images_v6\84+0.jpg,84+0
Datasets\captcha_images_v6\54-6.jpg,54-6
Datasets\captcha_images_v6\36-6_1.jpg,36-6_1
Datasets\captcha_images_v6\64-2_1.jpg,64-2_1
Datasets\captcha_images_v6\63+7.jpg,63+7
Datasets\captcha_images_v6\50-5.jpg,50-5
Datasets\captcha_images_v6\53-8.jpg,53-8
Datasets\captcha_images_v6\42-5_1.jpg,42-5_1
Datasets\captcha_images_v6\97-1.jpg,97-1
Datasets\captcha_images_v6\91+7.jpg,91+7
Datasets\captcha_images_v6\87-3.jpg,87-3
Datasets\captcha_images_v6\87-0.jpg,87-0
Datasets\captcha_images_v6\22+4.jpg,22+4
Datasets\captcha_images_v6\62-6_1.jpg,62-6_1
Datasets\captcha_images_v6\82+0.jpg,82+0
Datasets\captcha_images_v6\64+6.jpg,64+6
Datasets\captcha_images_v6\90+6.jpg,90+6
Datasets\captcha_images_v6\68+5_1.jpg,68+5_1
Datasets\captcha_images_v6\87-7.jpg,87-7
Datasets\captcha_images_v6\76-1.jpg,76-1
Datasets\captcha_images_v6\84+7_1.jpg,84+7_1
Datasets\captcha_images_v6\84-6.jpg,84-6
Datasets\captcha_images_v6\38-4.jpg,38-4
Datasets\captcha_images_v6\82-8.jpg,82-8
Datasets\captcha_images_v6\19-0_1.jpg,19-0_1
Datasets\captcha_images_v6\67-3.jpg,67-3
Datasets\captcha_images_v6\46-6.jpg,46-6
Datasets\captcha_images_v6\83-4_1.jpg,83-4_1
Datasets\captcha_images_v6\86-6_1.jpg,86-6_1
Datasets\captcha_images_v6\47+4.jpg,47+4
Datasets\captcha_images_v6\27+5.jpg,27+5
Datasets\captcha_images_v6\76+4.jpg,76+4
Datasets\captcha_images_v6\78+2.jpg,78+2
Datasets\captcha_images_v6\24+2.jpg,24+2
Datasets\captcha_images_v6\34-5.jpg,34-5
Datasets\captcha_images_v6\86+2.jpg,86+2
Datasets\captcha_images_v6\67+5_1.jpg,67+5_1
Datasets\captcha_images_v6\35+9.jpg,35+9
Datasets\captcha_images_v6\25-4.jpg,25-4
Datasets\captcha_images_v6\18-6.jpg,18-6
Datasets\captcha_images_v6\29-2.jpg,29-2
Datasets\captcha_images_v6\74-1.jpg,74-1
Datasets\captcha_images_v6\62+7.jpg,62+7
Datasets\captcha_images_v6\24+0.jpg,24+0
Datasets\captcha_images_v6\82+9.jpg,82+9
Datasets\captcha_images_v6\48-7.jpg,48-7
Datasets\captcha_images_v6\72+1.jpg,72+1
Datasets\captcha_images_v6\71-4.jpg,71-4
Datasets\captcha_images_v6\82-5_1.jpg,82-5_1
Datasets\captcha_images_v6\50-3.jpg,50-3
Datasets\captcha_images_v6\54+2_1.jpg,54+2_1
Datasets\captcha_images_v6\42+9.jpg,42+9
Datasets\captcha_images_v6\68+5_2.jpg,68+5_2
Datasets\captcha_images_v6\76+6.jpg,76+6
Datasets\captcha_images_v6\51+4.jpg,51+4
Datasets\captcha_images_v6\62-9.jpg,62-9
Datasets\captcha_images_v6\78-5.jpg,78-5
Datasets\captcha_images_v6\72+9.jpg,72+9
Datasets\captcha_images_v6\11-7.jpg,11-7
Datasets\captcha_images_v6\13-3.jpg,13-3
Datasets\captcha_images_v6\94+4.jpg,94+4
Datasets\captcha_images_v6\62+6.jpg,62+6
Datasets\captcha_images_v6\42-1.jpg,42-1
Datasets\captcha_images_v6\87+5.jpg,87+5
Datasets\captcha_images_v6\67+5.jpg,67+5
Datasets\captcha_images_v6\70+6_1.jpg,70+6_1
Datasets\captcha_images_v6\86-6.jpg,86-6
Datasets\captcha_images_v6\24+5.jpg,24+5
Datasets\captcha_images_v6\55+6_1.jpg,55+6_1
Datasets\captcha_images_v6\64+8.jpg,64+8
Datasets\captcha_images_v6\63+4.jpg,63+4
Datasets\captcha_images_v6\47+7.jpg,47+7
Datasets\captcha_images_v6\35+8.jpg,35+8
Datasets\captcha_images_v6\27-6_1.jpg,27-6_1
Datasets\captcha_images_v6\92+6.jpg,92+6
Datasets\captcha_images_v6\70+7_1.jpg,70+7_1
Datasets\captcha_images_v6\27+1.jpg,27+1
Datasets\captcha_images_v6\93-8.jpg,93-8
Datasets\captcha_images_v6\80+8.jpg,80+8
Datasets\captcha_images_v6\82+8.jpg,82+8
Datasets\captcha_images_v6\28+9.jpg,28+9
Datasets\captcha_images_v6\51-1.jpg,51-1
Datasets\captcha_images_v6\76+0.jpg,76+0
Datasets\captcha_images_v6\67-1.jpg,67-1
Datasets\captcha_images_v6\83-5.jpg,83-5
Datasets\captcha_images_v6\82-3.jpg,82-3
Datasets\captcha_images_v6\46+0.jpg,46+0
Datasets\captcha_images_v6\54+1_1.jpg,54+1_1
Datasets\captcha_images_v6\46+2.jpg,46+2
Datasets\captcha_images_v6\91+1.jpg,91+1
Datasets\captcha_images_v6\76+8.jpg,76+8
Datasets\captcha_images_v6\28-3.jpg,28-3
Datasets\captcha_images_v6\21+1_1.jpg,21+1_1
Datasets\captcha_images_v6\54+1.jpg,54+1
Datasets\captcha_images_v6\70-2.jpg,70-2
Datasets\captcha_images_v6\30-6_1.jpg,30-6_1
Datasets\captcha_images_v6\56-6.jpg,56-6
Datasets\captcha_images_v6\73-5_1.jpg,73-5_1
Datasets\captcha_images_v6\46+3.jpg,46+3
Datasets\captcha_images_v6\16+8.jpg,16+8
Datasets\captcha_images_v6\90-1.jpg,90-1
Datasets\captcha_images_v6\49-7_2.jpg,49-7_2
Datasets\captcha_images_v6\96+2.jpg,96+2
Datasets\captcha_images_v6\53-6.jpg,53-6
Datasets\captcha_images_v6\35+2.jpg,35+2
Datasets\captcha_images_v6\57+6.jpg,57+6
Datasets\captcha_images_v6\71-0.jpg,71-0
Datasets\captcha_images_v6\17+3.jpg,17+3
Datasets\captcha_images_v6\92+3.jpg,92+3
Datasets\captcha_images_v6\71-8.jpg,71-8
Datasets\captcha_images_v6\11+0.jpg,11+0
Datasets\captcha_images_v6\97+8.jpg,97+8
Datasets\captcha_images_v6\64-3.jpg,64-3
Datasets\captcha_images_v6\37-8_2.jpg,37-8_2
Datasets\captcha_images_v6\75-0.jpg,75-0
Datasets\captcha_images_v6\68+3_1.jpg,68+3_1
Datasets\captcha_images_v6\25+9.jpg,25+9
Datasets\captcha_images_v6\60+2.jpg,60+2
Datasets\captcha_images_v6\70-2_1.jpg,70-2_1
Datasets\captcha_images_v6\66+6_2.jpg,66+6_2
Datasets\captcha_images_v6\29+6.jpg,29+6
Datasets\captcha_images_v6\77+4_1.jpg,77+4_1
Datasets\captcha_images_v6\62+5.jpg,62+5
Datasets\captcha_images_v6\76-8.jpg,76-8
Datasets\captcha_images_v6\23-0.jpg,23-0
Datasets\captcha_images_v6\32+6.jpg,32+6
Datasets\captcha_images_v6\80+3_1.jpg,80+3_1
Datasets\captcha_images_v6\81+3.jpg,81+3
Datasets\captcha_images_v6\84+6.jpg,84+6
Datasets\captcha_images_v6\91+8.jpg,91+8
Datasets\captcha_images_v6\25-8.jpg,25-8
Datasets\captcha_images_v6\40+9.jpg,40+9
Datasets\captcha_images_v6\38+8.jpg,38+8
Datasets\captcha_images_v6\33+1.jpg,33+1
Datasets\captcha_images_v6\92-8.jpg,92-8
Datasets\captcha_images_v6\78-1.jpg,78-1
Datasets\captcha_images_v6\69+4_1.jpg,69+4_1
Datasets\captcha_images_v6\62-4.jpg,62-4
Datasets\captcha_images_v6\36-6_2.jpg,36-6_2
Datasets\captcha_images_v6\72+8.jpg,72+8
Datasets\captcha_images_v6\15+5.jpg,15+5
Datasets\captcha_images_v6\35+0.jpg,35+0
Datasets\captcha_images_v6\11-0.jpg,11-0
Datasets\captcha_images_v6\19+7.jpg,19+7
Datasets\captcha_images_v6\40-7.jpg,40-7
Datasets\captcha_images_v6\73-8.jpg,73-8
Datasets\captcha_images_v6\96+8_1.jpg,96+8_1
Datasets\captcha_images_v6\40-5_1.jpg,40-5_1
Datasets\captcha_images_v6\91+3_1.jpg,91+3_1
Datasets\captcha_images_v6\27-4.jpg,27-4
Datasets\captcha_images_v6\34-1.jpg,34-1
Datasets\captcha_images_v6\71-2.jpg,71-2
Datasets\captcha_images_v6\61-7_1.jpg,61-7_1
Datasets\captcha_images_v6\19+7_1.jpg,19+7_1
Datasets\captcha_images_v6\70+7_2.jpg,70+7_2
Datasets\captcha_images_v6\49-6.jpg,49-6
Datasets\captcha_images_v6\20-2.jpg,20-2
Datasets\captcha_images_v6\40-7_1.jpg,40-7_1
Datasets\captcha_images_v6\75-6_1.jpg,75-6_1
Datasets\captcha_images_v6\10-5.jpg,10-5
Datasets\captcha_images_v6\43-9.jpg,43-9
Datasets\captcha_images_v6\14+3.jpg,14+3
Datasets\captcha_images_v6\10-2_1.jpg,10-2_1
Datasets\captcha_images_v6\62+1_1.jpg,62+1_1
Datasets\captcha_images_v6\64+4.jpg,64+4
Datasets\captcha_images_v6\32-4_2.jpg,32-4_2
Datasets\captcha_images_v6\96+9.jpg,96+9
Datasets\captcha_images_v6\84+5.jpg,84+5
Datasets\captcha_images_v6\81+6.jpg,81+6
Datasets\captcha_images_v6\82+1.jpg,82+1
Datasets\captcha_images_v6\26+6.jpg,26+6
Datasets\captcha_images_v6\43+1.jpg,43+1
Datasets\captcha_images_v6\61-5.jpg,61-5
Datasets\captcha_images_v6\90-3_1.jpg,90-3_1
Datasets\captcha_images_v6\98+8.jpg,98+8
Datasets\captcha_images_v6\16+6.jpg,16+6
Datasets\captcha_images_v6\19+0_1.jpg,19+0_1
Datasets\captcha_images_v6\54-8.jpg,54-8
Datasets\captcha_images_v6\30-5.jpg,30-5
Datasets\captcha_images_v6\84+1.jpg,84+1
Datasets\captcha_images_v6\69+1.jpg,69+1
Datasets\captcha_images_v6\68+8.jpg,68+8
Datasets\captcha_images_v6\40-5.jpg,40-5
Datasets\captcha_images_v6\18-5.jpg,18-5
Datasets\captcha_images_v6\74-9.jpg,74-9
Datasets\captcha_images_v6\95+0.jpg,95+0
Datasets\captcha_images_v6\90+0.jpg,90+0
Datasets\captcha_images_v6\89-7.jpg,89-7
Datasets\captcha_images_v6\18-9.jpg,18-9
Datasets\captcha_images_v6\47+2.jpg,47+2
Datasets\captcha_images_v6\36-9.jpg,36-9
Datasets\captcha_images_v6\38+0.jpg,38+0
Datasets\captcha_images_v6\94+7.jpg,94+7
Datasets\captcha_images_v6\36+0.jpg,36+0
Datasets\captcha_images_v6\74+3.jpg,74+3
Datasets\captcha_images_v6\44-4.jpg,44-4
Datasets\captcha_images_v6\81+2.jpg,81+2
Datasets\captcha_images_v6\22-5_1.jpg,22-5_1
Datasets\captcha_images_v6\55+6.jpg,55+6
Datasets\captcha_images_v6\40-0.jpg,40-0
Datasets\captcha_images_v6\13-5_1.jpg,13-5_1
Datasets\captcha_images_v6\77+4_2.jpg,77+4_2
Datasets\captcha_images_v6\83+5.jpg,83+5
Datasets\captcha_images_v6\68-9.jpg,68-9
Datasets\captcha_images_v6\81-4.jpg,81-4
Datasets\captcha_images_v6\86-3.jpg,86-3
Datasets\captcha_images_v6\25-9_1.jpg,25-9_1
Datasets\captcha_images_v6\92-2.jpg,92-2
Datasets\captcha_images_v6\66-5.jpg,66-5
Datasets\captcha_images_v6\70+4_1.jpg,70+4_1
Datasets\captcha_images_v6\84-0.jpg,84-0
Datasets\captcha_images_v6\12+6.jpg,12+6
Datasets\captcha_images_v6\76+8_1.jpg,76+8_1
Datasets\captcha_images_v6\52-2.jpg,52-2
Datasets\captcha_images_v6\37-8_1.jpg,37-8_1
Datasets\captcha_images_v6\47+1.jpg,47+1
Datasets\captcha_images_v6\55-2.jpg,55-2
Datasets\captcha_images_v6\63-8.jpg,63-8
Datasets\captcha_images_v6\90-6.jpg,90-6
Datasets\captcha_images_v6\42+6.jpg,42+6
Datasets\captcha_images_v6\36-8.jpg,36-8
Datasets\captcha_images_v6\15+5_1.jpg,15+5_1
Datasets\captcha_images_v6\57+4.jpg,57+4
Datasets\captcha_images_v6\76+3.jpg,76+3
Datasets\captcha_images_v6\77+8.jpg,77+8
Datasets\captcha_images_v6\50-0.jpg,50-0
Datasets\captcha_images_v6\13+0.jpg,13+0
Datasets\captcha_images_v6\22-5.jpg,22-5
Datasets\captcha_images_v6\82-8_1.jpg,82-8_1
Datasets\captcha_images_v6\75+3.jpg,75+3
Datasets\captcha_images_v6\93-6.jpg,93-6
Datasets\captcha_images_v6\33-1_1.jpg,33-1_1
Datasets\captcha_images_v6\49-1.jpg,49-1
Datasets\captcha_images_v6\47-7.jpg,47-7
Datasets\captcha_images_v6\30-2.jpg,30-2
Datasets\captcha_images_v6\68+5.jpg,68+5
Datasets\captcha_images_v6\62-8.jpg,62-8
Datasets\captcha_images_v6\67+3.jpg,67+3
Datasets\captcha_images_v6\80+2.jpg,80+2
Datasets\captcha_images_v6\32+1.jpg,32+1
Datasets\captcha_images_v6\52-1.jpg,52-1
Datasets\captcha_images_v6\98+4_1.jpg,98+4_1
Datasets\captcha_images_v6\32+3.jpg,32+3
Datasets\captcha_images_v6\26-6.jpg,26-6
Datasets\captcha_images_v6\49-3_2.jpg,49-3_2
Datasets\captcha_images_v6\39-2.jpg,39-2
Datasets\captcha_images_v6\85+2.jpg,85+2
Datasets\captcha_images_v6\88-3.jpg,88-3
Datasets\captcha_images_v6\71+7_1.jpg,71+7_1
Datasets\captcha_images_v6\57+6_1.jpg,57+6_1
Datasets\captcha_images_v6\95-3.jpg,95-3
Datasets\captcha_images_v6\81+5.jpg,81+5
Datasets\captcha_images_v6\62-6.jpg,62-6
Datasets\captcha_images_v6\96+0.jpg,96+0
Datasets\captcha_images_v6\46+5.jpg,46+5
Datasets\captcha_images_v6\20+9.jpg,20+9
Datasets\captcha_images_v6\40-8.jpg,40-8
Datasets\captcha_images_v6\98-4.jpg,98-4
Datasets\captcha_images_v6\97+7.jpg,97+7
Datasets\captcha_images_v6\75+7.jpg,75+7
Datasets\captcha_images_v6\88-8.jpg,88-8
Datasets\captcha_images_v6\47+3.jpg,47+3
Datasets\captcha_images_v6\59+5.jpg,59+5
Datasets\captcha_images_v6\66-1.jpg,66-1
Datasets\captcha_images_v6\77+8_1.jpg,77+8_1
Datasets\captcha_images_v6\56-2.jpg,56-2
Datasets\captcha_images_v6\14-1.jpg,14-1
Datasets\captcha_images_v6\67+7.jpg,67+7
Datasets\captcha_images_v6\19+3.jpg,19+3
Datasets\captcha_images_v6\57+5.jpg,57+5
Datasets\captcha_images_v6\30-5_1.jpg,30-5_1
Datasets\captcha_images_v6\60+9.jpg,60+9
Datasets\captcha_images_v6\90+1_1.jpg,90+1_1
Datasets\captcha_images_v6\58-6.jpg,58-6
Datasets\captcha_images_v6\79+7_1.jpg,79+7_1
Datasets\captcha_images_v6\15+6_2.jpg,15+6_2
Datasets\captcha_images_v6\65+8.jpg,65+8
Datasets\captcha_images_v6\73+8.jpg,73+8
Datasets\captcha_images_v6\29-9.jpg,29-9
Datasets\captcha_images_v6\56-4.jpg,56-4
Datasets\captcha_images_v6\98+2_1.jpg,98+2_1
Datasets\captcha_images_v6\55+5.jpg,55+5
Datasets\captcha_images_v6\93-2_1.jpg,93-2_1
Datasets\captcha_images_v6\87+8.jpg,87+8
Datasets\captcha_images_v6\53+4_1.jpg,53+4_1
Datasets\captcha_images_v6\48+0.jpg,48+0
Datasets\captcha_images_v6\78+7.jpg,78+7
Datasets\captcha_images_v6\98-0.jpg,98-0
Datasets\captcha_images_v6\92-5.jpg,92-5
Datasets\captcha_images_v6\95+7.jpg,95+7
Datasets\captcha_images_v6\39+2_1.jpg,39+2_1
Datasets\captcha_images_v6\85-6.jpg,85-6
Datasets\captcha_images_v6\67-4.jpg,67-4
Datasets\captcha_images_v6\61+1.jpg,61+1
Datasets\captcha_images_v6\51+2.jpg,51+2
Datasets\captcha_images_v6\89-5.jpg,89-5
Datasets\captcha_images_v6\42-8_1.jpg,42-8_1
Datasets\captcha_images_v6\38-7.jpg,38-7
Datasets\captcha_images_v6\84+7.jpg,84+7
Datasets\captcha_images_v6\11+3.jpg,11+3
Datasets\captcha_images_v6\74+6.jpg,74+6
Datasets\captcha_images_v6\62-5.jpg,62-5
Datasets\captcha_images_v6\81-6_1.jpg,81-6_1
Datasets\captcha_images_v6\33-5.jpg,33-5
Datasets\captcha_images_v6\96-9.jpg,96-9
Datasets\captcha_images_v6\66+7_1.jpg,66+7_1
Datasets\captcha_images_v6\15+6.jpg,15+6
Datasets\captcha_images_v6\11-9.jpg,11-9
Datasets\captcha_images_v6\60+5.jpg,60+5
Datasets\captcha_images_v6\91-4.jpg,91-4
Datasets\captcha_images_v6\76+6_1.jpg,76+6_1
Datasets\captcha_images_v6\51-9.jpg,51-9
Datasets\captcha_images_v6\54+4.jpg,54+4
Datasets\captcha_images_v6\70+6.jpg,70+6
Datasets\captcha_images_v6\34-8.jpg,34-8
Datasets\captcha_images_v6\15-7.jpg,15-7
Datasets\captcha_images_v6\43-2.jpg,43-2
Datasets\captcha_images_v6\69+7_1.jpg,69+7_1
Datasets\captcha_images_v6\90+1.jpg,90+1
Datasets\captcha_images_v6\83+9.jpg,83+9
Datasets\captcha_images_v6\64-1.jpg,64-1
Datasets\captcha_images_v6\69+3_1.jpg,69+3_1
Datasets\captcha_images_v6\59-8.jpg,59-8
Datasets\captcha_images_v6\13-0.jpg,13-0
Datasets\captcha_images_v6\36+8.jpg,36+8
Datasets\captcha_images_v6\37-2.jpg,37-2
Datasets\captcha_images_v6\96+1.jpg,96+1
Datasets\captcha_images_v6\65+2.jpg,65+2
Datasets\captcha_images_v6\40-9.jpg,40-9
Datasets\captcha_images_v6\95-9.jpg,95-9
Datasets\captcha_images_v6\11+2.jpg,11+2
Datasets\captcha_images_v6\26+1.jpg,26+1
Datasets\captcha_images_v6\86-5.jpg,86-5
Datasets\captcha_images_v6\69-8.jpg,69-8
Datasets\captcha_images_v6\45+4_1.jpg,45+4_1
Datasets\captcha_images_v6\95-4.jpg,95-4
Datasets\captcha_images_v6\26+3.jpg,26+3
Datasets\captcha_images_v6\65-8.jpg,65-8
Datasets\captcha_images_v6\72+7.jpg,72+7
Datasets\captcha_images_v6\69+4.jpg,69+4
Datasets\captcha_images_v6\63-5.jpg,63-5
Datasets\captcha_images_v6\57+1.jpg,57+1
Datasets\captcha_images_v6\89+3_1.jpg,89+3_1
Datasets\captcha_images_v6\30-1.jpg,30-1
Datasets\captcha_images_v6\88-2.jpg,88-2
Datasets\captcha_images_v6\33+2.jpg,33+2
Datasets\captcha_images_v6\82+5.jpg,82+5
Datasets\captcha_images_v6\51-7.jpg,51-7
Datasets\captcha_images_v6\55-4.jpg,55-4
Datasets\captcha_images_v6\19-3.jpg,19-3
Datasets\captcha_images_v6\11+9.jpg,11+9
Datasets\captcha_images_v6\12-3.jpg,12-3
Datasets\captcha_images_v6\43-6.jpg,43-6
Datasets\captcha_images_v6\14+2_1.jpg,14+2_1
Datasets\captcha_images_v6\41-9.jpg,41-9
Datasets\captcha_images_v6\15+8.jpg,15+8
Datasets\captcha_images_v6\89+5.jpg,89+5
Datasets\captcha_images_v6\44-3.jpg,44-3
Datasets\captcha_images_v6\22-3.jpg,22-3
Datasets\captcha_images_v6\26-9.jpg,26-9
Datasets\captcha_images_v6\34-7.jpg,34-7
Datasets\captcha_images_v6\52+1.jpg,52+1
Datasets\captcha_images_v6\32-9.jpg,32-9
Datasets\captcha_images_v6\55-0.jpg,55-0
Datasets\captcha_images_v6\66+8.jpg,66+8
Datasets\captcha_images_v6\38-0_1.jpg,38-0_1
Datasets\captcha_images_v6\59-4.jpg,59-4
Datasets\captcha_images_v6\12+2.jpg,12+2
Datasets\captcha_images_v6\49-7_1.jpg,49-7_1
Datasets\captcha_images_v6\50+7.jpg,50+7
Datasets\captcha_images_v6\43-0.jpg,43-0
Datasets\captcha_images_v6\31-1.jpg,31-1
Datasets\captcha_images_v6\44+2_1.jpg,44+2_1
Datasets\captcha_images_v6\50+0.jpg,50+0
Datasets\captcha_images_v6\73+2_1.jpg,73+2_1
Datasets\captcha_images_v6\90+5.jpg,90+5
Datasets\captcha_images_v6\87-3_1.jpg,87-3_1
Datasets\captcha_images_v6\80+1.jpg,80+1
Datasets\captcha_images_v6\11+1.jpg,11+1
Datasets\captcha_images_v6\66+4.jpg,66+4
Datasets\captcha_images_v6\69+3.jpg,69+3
Datasets\captcha_images_v6\92-6.jpg,92-6
Datasets\captcha_images_v6\70-4.jpg,70-4
Datasets\captcha_images_v6\56-8.jpg,56-8
Datasets\captcha_images_v6\18+3.jpg,18+3
Datasets\captcha_images_v6\44-9.jpg,44-9
Datasets\captcha_images_v6\88-9.jpg,88-9
Datasets\captcha_images_v6\88-1.jpg,88-1
Datasets\captcha_images_v6\70-4_2.jpg,70-4_2
Datasets\captcha_images_v6\75-4.jpg,75-4
Datasets\captcha_images_v6\28-3_2.jpg,28-3_2
Datasets\captcha_images_v6\62+8.jpg,62+8
Datasets\captcha_images_v6\34+4_1.jpg,34+4_1
Datasets\captcha_images_v6\80+9.jpg,80+9
Datasets\captcha_images_v6\69+4_2.jpg,69+4_2
Datasets\captcha_images_v6\93+9.jpg,93+9
Datasets\captcha_images_v6\59+1.jpg,59+1
Datasets\captcha_images_v6\46+1.jpg,46+1
Datasets\captcha_images_v6\30+5.jpg,30+5
Datasets\captcha_images_v6\31-7.jpg,31-7
Datasets\captcha_images_v6\73+2.jpg,73+2
Datasets\captcha_images_v6\21+8_1.jpg,21+8_1
Datasets\captcha_images_v6\96+8.jpg,96+8
Datasets\captcha_images_v6\37+8.jpg,37+8
Datasets\captcha_images_v6\27+7_1.jpg,27+7_1
Datasets\captcha_images_v6\49-9.jpg,49-9
Datasets\captcha_images_v6\30-9_2.jpg,30-9_2
Datasets\captcha_images_v6\61-7_2.jpg,61-7_2
Datasets\captcha_images_v6\23-3.jpg,23-3
Datasets\captcha_images_v6\82-3_1.jpg,82-3_1
Datasets\captcha_images_v6\70+4.jpg,70+4
Datasets\captcha_images_v6\79+6_1.jpg,79+6_1
Datasets\captcha_images_v6\29-1.jpg,29-1
Datasets\captcha_images_v6\81-9.jpg,81-9
Datasets\captcha_images_v6\97-5.jpg,97-5
Datasets\captcha_images_v6\87+0.jpg,87+0
Datasets\captcha_images_v6\80-3.jpg,80-3
Datasets\captcha_images_v6\81-6.jpg,81-6
Datasets\captcha_images_v6\79-6.jpg,79-6
Datasets\captcha_images_v6\83-4.jpg,83-4
Datasets\captcha_images_v6\75-7.jpg,75-7
Datasets\captcha_images_v6\57-7.jpg,57-7
Datasets\captcha_images_v6\87+1.jpg,87+1
Datasets\captcha_images_v6\98+1.jpg,98+1
Datasets\captcha_images_v6\39+9.jpg,39+9
Datasets\captcha_images_v6\95-1.jpg,95-1
Datasets\captcha_images_v6\15-4.jpg,15-4
Datasets\captcha_images_v6\93+5.jpg,93+5
Datasets\captcha_images_v6\83+1_1.jpg,83+1_1
Datasets\captcha_images_v6\38-1.jpg,38-1
Datasets\captcha_images_v6\10-9.jpg,10-9
Datasets\captcha_images_v6\90+0_1.jpg,90+0_1
Datasets\captcha_images_v6\16-5.jpg,16-5
Datasets\captcha_images_v6\12-1.jpg,12-1
Datasets\captcha_images_v6\96-2.jpg,96-2
Datasets\captcha_images_v6\87+7_2.jpg,87+7_2
Datasets\captcha_images_v6\88+8.jpg,88+8
Datasets\captcha_images_v6\87-9.jpg,87-9
Datasets\captcha_images_v6\40-1_1.jpg,40-1_1
Datasets\captcha_images_v6\86-4.jpg,86-4
Datasets\captcha_images_v6\73+9_2.jpg,73+9_2
Datasets\captcha_images_v6\68+5_3.jpg,68+5_3
Datasets\captcha_images_v6\42+4.jpg,42+4
Datasets\captcha_images_v6\31-9.jpg,31-9
